organisatie_id,werksoort_id,vestiging_id,uitvoeringsvorm,betrouwbaarheid,bron_url
org001,assemblage,,,laag,https://www.afeer.nl/opdrachtgevers/
org001,verpakken,,,hoog,https://www.afeer.nl/opdrachtgevers/
org001,groenvoorziening-en-onderhoud,,,hoog,https://www.afeer.nl/opdrachtgevers/
org001,schoonmaak,,,hoog,https://www.afeer.nl/opdrachtgevers/
org001,klein-onderhoud-en-klusdiensten,,,hoog,https://www.afeer.nl/opdrachtgevers/
org001,naaiatelier-en-confectie,,,hoog,https://www.afeer.nl/opdrachtgevers/
org001,drukwerk-en-print,,,hoog,https://www.afeer.nl/opdrachtgevers/
org002,assemblage,,,hoog,https://ammatch.nl/ik-wil-werk-uitbesteden-oud/verpakkenwerkt/
org002,montage,,,hoog,https://ammatch.nl/ik-wil-werk-uitbesteden-oud/verpakkenwerkt/
org002,verpakken,,,hoog,https://ammatch.nl/ik-wil-werk-uitbesteden-oud/verpakkenwerkt/
org002,co-packing,,,midden,https://ammatch.nl/ik-wil-werk-uitbesteden-oud/
org002,productie-en-lijnwerk,,,hoog,https://ammatch.nl/ik-wil-werk-uitbesteden-oud/verpakkenwerkt/
org002,groenvoorziening-en-onderhoud,,,hoog,https://ammatch.nl/ik-wil-werk-uitbesteden-oud/groenwerkt/
org002,openbare-ruimte-en-straatreiniging,,,hoog,https://ammatch.nl/ik-wil-werk-uitbesteden-oud/groenwerkt/
org002,schoonmaak,,,hoog,https://ammatch.nl/ik-wil-werk-uitbesteden-oud/
org002,industriele-en-specialistische-reiniging,,,hoog,https://ammatch.nl/ik-wil-werk-uitbesteden-oud/groenwerkt/
org003,assemblage,,,hoog,https://www.amfors.nl/werk-uitbesteden/productie-en-verpakwerk/
org003,elektrotechnische-assemblage,,,hoog,https://www.amfors.nl/werk-uitbesteden/metaalbewerking-en-elektromontage/
org003,verpakken,,,hoog,https://www.amfors.nl/werk-uitbesteden/productie-en-verpakwerk/
org003,mailing-en-lettershop,,,laag,https://www.amfors.nl/werk-uitbesteden/productie-en-verpakwerk/
org003,metaalbewerking,,,hoog,https://www.amfors.nl/werk-uitbesteden/metaalbewerking-en-elektromontage/
org003,plaatwerk,,,midden,https://www.amfors.nl/werk-uitbesteden/metaalbewerking-en-elektromontage/elektromontage-assemblage-12-gesneden/
org003,lassen,,,hoog,https://www.amfors.nl/werk-uitbesteden/productie-en-verpakwerk/stephan-metafors-website/
org005,assemblage,,,hoog,https://www.avres.nl/assemblage-en-montage
org005,montage,,,hoog,https://www.avres.nl/assemblage-en-montage
org005,verpakken,,,hoog,https://www.avres.nl/werk-uitbesteden
org005,co-packing,,,midden,https://www.avres.nl/verpakken
org005,transport-en-koeriersdiensten,,,midden,https://www.avres.nl/werk-uitbesteden
org005,post-en-pakketbezorging,,,handmatig,https://www.avres.nl/werk-uitbesteden
org005,productie-en-lijnwerk,,beide,laag,https://www.avres.nl/voor-bedrijven
org005,groenvoorziening-en-onderhoud,,,hoog,https://www.avres.nl/groenvoorziening
org005,kwekerij-en-tuinbouw,,,hoog,https://www.avres.nl/werk-uitbesteden
org005,schoonmaak,,,hoog,https://www.avres.nl/werk-uitbesteden
org006,assemblage,,,hoog,https://baanbrekers.org/
org006,montage,,,hoog,https://baanbrekers.org/werk-uitbesteden/werkgeversadvies/social-return/
org006,verpakken,,,hoog,https://baanbrekers.org/
org006,groenvoorziening-en-onderhoud,,,hoog,https://baanbrekers.org/
org006,schoonmaak,,,hoog,https://baanbrekers.org/
org006,catering,,,hoog,https://baanbrekers.org/
org006,kringloop-en-hergebruik,,,hoog,https://baanbrekers.org/
org007,verpakken,,,hoog,https://www.bigagroep.nl/voor-werkgevers/
org007,mailing-en-lettershop,,,laag,https://www.bigagroep.nl/voor-werkgevers/
org007,magazijn-en-opslag,,,hoog,https://www.bigagroep.nl/voor-werkgevers/
org007,groenvoorziening-en-onderhoud,,,hoog,https://www.bigagroep.nl/
org007,schoonmaak,,,hoog,https://www.bigagroep.nl/
org008,assemblage,,,hoog,https://www.caparis.nl/alonsaanbod/montage
org008,montage,,,hoog,https://www.caparis.nl/
org008,elektrotechnische-assemblage,,,midden,https://www.caparis.nl/alonsaanbod/elektrotechniek
org008,verpakken,,,hoog,https://www.caparis.nl/
org008,co-packing,,,hoog,https://www.caparis.nl/alonsaanbod/verpakken-ompakken-flowpacken
org008,magazijn-en-opslag,,,hoog,https://www.caparis.nl/alonsaanbod/verpakken-ompakken-flowpacken
org008,post-en-pakketbezorging,,,hoog,https://www.caparis.nl/
org008,productie-en-lijnwerk,,,hoog,https://www.caparis.nl/diensten/werk-uitbesteden
org008,groenvoorziening-en-onderhoud,,,hoog,https://www.caparis.nl/alonsaanbod/verpakken-ompakken-flowpacken
org008,kwekerij-en-tuinbouw,,,hoog,https://www.caparis.nl/
org008,schoonmaak,,,hoog,https://www.caparis.nl/
org008,voedselbewerking,,,midden,https://www.caparis.nl/alonsaanbod/verpakken-ompakken-flowpacken
org010,assemblage,,,hoog,https://www.confed.eu/
org010,montage,,,hoog,https://www.confed.eu/diensten/mechanische-assemblage-modulebouw
org010,elektrotechnische-assemblage,,,hoog,https://www.confed.eu/
org010,magazijn-en-opslag,,,hoog,https://www.confed.eu/
org011,assemblage,,,hoog,https://dcw.nl/onze-diensten
org011,montage,,,hoog,https://dcw.nl/assembleren-verpakken
org011,verpakken,,,hoog,https://dcw.nl/onze-diensten
org011,co-packing,,,midden,https://dcw.nl/assembleren-verpakken
org011,groenvoorziening-en-onderhoud,,,hoog,https://dcw.nl/groen
org011,kwekerij-en-tuinbouw,,,hoog,https://dcw.nl/catering-dcw
org011,catering,,,hoog,https://dcw.nl/catering-dcw
org011,bedrijfsrestaurant-en-horeca,,,hoog,https://dcw.nl/catering-dcw
org012,assemblage,,,hoog,https://www.debetho.nl/bedrijven/uitbesteden
org012,montage,,,hoog,https://www.debetho.nl/
org012,verpakken,,,hoog,https://www.debetho.nl/
org012,co-packing,,,hoog,https://www.debetho.nl/werken/verpakkingsbedrijf
org012,magazijn-en-opslag,,,laag,https://www.debetho.nl/portfolio/skal-richtlijnen-bij-het-verpakken
org012,groenvoorziening-en-onderhoud,,,hoog,https://www.debetho.nl/bedrijven/uitbesteden
org012,openbare-ruimte-en-straatreiniging,,,midden,https://www.debetho.nl/werken/schoonmaakbedrijf
org012,schoonmaak,,,hoog,https://www.debetho.nl/
org012,receptie-en-gastvrijheid,,,midden,https://www.debetho.nl/bedrijven/uitbesteden
org012,bedrijfsrestaurant-en-horeca,,,midden,https://www.debetho.nl/bedrijven/uitbesteden
org013,montage,,,hoog,https://www.dezuidhoek.nl/schoonmaak/
org013,elektrotechnische-assemblage,,,laag,https://www.dezuidhoek.nl/portfolio-item/ompakken-geneesmiddelen/
org013,verpakken,,,hoog,https://www.dezuidhoek.nl/schoonmaak/
org013,metaalbewerking,,,hoog,https://www.dezuidhoek.nl/
org013,plaatwerk,,,hoog,https://www.dezuidhoek.nl/
org013,lassen,,,hoog,https://www.dezuidhoek.nl/
org013,groenvoorziening-en-onderhoud,,,hoog,https://www.dezuidhoek.nl/
org013,schoonmaak,,,hoog,https://www.dezuidhoek.nl/schoonmaak/
org013,glazenwassen,,,midden,https://www.dezuidhoek.nl/schoonmaak/
org013,klein-onderhoud-en-klusdiensten,,,hoog,https://www.dezuidhoek.nl/zuidhoek-van-start-met-bijzondere-klussendienst-bron-wereldregio/
org013,wasserij-en-linnenservice,,,hoog,https://www.dezuidhoek.nl/wasserij/
org014,assemblage,,,hoog,https://www.denhaag.nl/nl/ondernemen/den-haag-werkt/werk-uitbesteden/
org014,montage,,,hoog,https://www.denhaag.nl/nl/ondernemen/den-haag-werkt/werk-uitbesteden/
org014,verpakken,,,hoog,https://www.denhaag.nl/nl/ondernemen/den-haag-werkt/werk-uitbesteden/
org014,metaalbewerking,,,hoog,https://www.denhaag.nl/nl/ondernemen/den-haag-werkt/hout-en-metaalwerkplaats/
org014,plaatwerk,,,laag,https://www.denhaag.nl/nl/ondernemen/den-haag-werkt/hout-en-metaalwerkplaats/
org014,lassen,,,laag,https://www.denhaag.nl/nl/ondernemen/den-haag-werkt/hout-en-metaalwerkplaats/
org014,houtbewerking,,,hoog,https://www.denhaag.nl/nl/ondernemen/den-haag-werkt/hout-en-metaalwerkplaats/
org014,voedselbewerking,,,midden,https://www.denhaag.nl/nl/ondernemen/den-haag-werkt/voedsel-verpakken-met-den-haag-werkt/
org014,naaiatelier-en-confectie,,,laag,https://www.denhaag.nl/nl/ondernemen/den-haag-werkt/werk-uitbesteden/
org015,assemblage,,,hoog,https://www.dethon.nl/
org015,montage,,,hoog,https://www.dethon.nl/montage-en-verpakking/
org015,elektrotechnische-assemblage,,,hoog,https://www.dethon.nl/montage-en-verpakking/
org015,verpakken,,,hoog,https://www.dethon.nl/
org015,co-packing,,,hoog,https://www.dethon.nl/
org015,magazijn-en-opslag,,,hoog,https://www.dethon.nl/montage-en-verpakking/producten-diensten/
org015,metaalbewerking,,,hoog,https://www.dethon.nl/metaal/
org015,lassen,,,laag,https://www.dethon.nl/metaal/producten-diensten/
org015,meubelmakerij,,,hoog,https://www.dethon.nl/
org015,groenvoorziening-en-onderhoud,,,hoog,https://www.dethon.nl/
org015,schoonmaak,,,hoog,https://www.dethon.nl/metaal/
org016,assemblage,,,laag,https://diamant-groep.nl/voor-wie/werkgevers/
org016,montage,,,hoog,https://diamant-groep.nl/voor-wie/werkgevers/
org016,verpakken,,,hoog,https://diamant-groep.nl/voor-wie/werkgevers/
org016,mailing-en-lettershop,,,laag,https://diamant-groep.nl/voor-wie/werkgevers/
org016,post-en-pakketbezorging,,,handmatig,https://diamant-groep.nl/voor-wie/werkgevers/
org016,groenvoorziening-en-onderhoud,,,hoog,https://diamant-groep.nl/uitvoerder-groen-tilburg/
org016,kwekerij-en-tuinbouw,,,hoog,https://diamant-groep.nl/voor-wie/werkgevers/
org016,openbare-ruimte-en-straatreiniging,,,hoog,https://diamant-groep.nl/voor-wie/werkgevers/
org016,schoonmaak,,,hoog,https://diamant-groep.nl/voor-wie/werkgevers/
org016,kringloop-en-hergebruik,,,midden,https://diamant-groep.nl/assistent-teamleider-logistiek-tilburg/
org017,assemblage,,,hoog,https://dokwurk.nl/werk-uitbesteden/
org017,montage,,,hoog,https://dokwurk.nl/werk-uitbesteden/
org017,verpakken,,,hoog,https://dokwurk.nl/
org017,co-packing,,,midden,https://dokwurk.nl/werk-uitbesteden/verpakken/mix-specials-verpakken/
org017,houtbewerking,,,hoog,https://dokwurk.nl/
org017,groenvoorziening-en-onderhoud,,,hoog,https://dokwurk.nl/werk-uitbesteden/
org017,schoonmaak,,,hoog,https://dokwurk.nl/werk-uitbesteden/
org018,assemblage,,,hoog,https://doon-roermond.nl/voor-bedrijven/industriele-dienstverlening
org018,montage,,,hoog,https://doon-roermond.nl/voor-bedrijven/industriele-dienstverlening
org018,verpakken,,,hoog,https://doon-roermond.nl/voor-bedrijven/industriele-dienstverlening
org018,wasserij-en-linnenservice,,,hoog,https://doon-roermond.nl/voor-bedrijven
org019,montage,,,hoog,https://www.dzb.nl/werkgevers/diensten/montage/
org019,verpakken,,,hoog,https://www.dzb.nl/werkgevers/diensten/montage/
org019,co-packing,,,laag,https://www.dzb.nl/werkgevers/diensten/montage/
org019,mailing-en-lettershop,,,hoog,https://www.dzb.nl/werkgevers/diensten/montage/
org019,magazijn-en-opslag,,,hoog,https://www.dzb.nl/werkgevers/diensten/montage/
org019,post-en-pakketbezorging,,,hoog,https://www.dzb.nl/werkgevers/
org019,productie-en-lijnwerk,,,hoog,https://www.dzb.nl/werkgevers/diensten/montage/
org019,houtbewerking,,,hoog,https://www.dzb.nl/werkgevers/diensten/montage/
org019,meubelmakerij,,eigen_bedrijf,midden,https://www.dzb.nl/werkgevers/diensten/hout/
org019,groenvoorziening-en-onderhoud,,,hoog,https://www.dzb.nl/werkgevers/diensten/groen/
org019,kwekerij-en-tuinbouw,,,laag,https://www.dzb.nl/werkgevers/diensten/hout/
org019,schoonmaak,,,hoog,https://www.dzb.nl/werkgevers/diensten/montage/
org019,postkamer-en-documentstromen,,,laag,https://www.dzb.nl/werkgevers/diensten/post/
org019,catering,,,hoog,https://www.dzb.nl/werkgevers/diensten/montage/
org019,bedrijfsrestaurant-en-horeca,,,hoog,https://www.dzb.nl/werkgevers/diensten/catering/
org019,drukwerk-en-print,,,midden,https://www.dzb.nl/werkgevers/diensten/print/
org019,kringloop-en-hergebruik,,,hoog,https://www.dzb.nl/
org020,assemblage,,,hoog,https://emco-groep.nl/werksoorten
org020,montage,,,hoog,https://emco-groep.nl/
org020,elektrotechnische-assemblage,,,hoog,https://emco-groep.nl/werksoorten
org020,verpakken,,,hoog,https://emco-groep.nl/logistieke-dienstverlening
org020,co-packing,,,laag,https://emco-groep.nl/verpakken
org020,fulfilment,,,laag,https://emco-groep.nl/logistieke-dienstverlening
org020,mailing-en-lettershop,,,midden,https://emco-groep.nl/verpakken
org020,magazijn-en-opslag,,,hoog,https://emco-groep.nl/logistieke-dienstverlening
org020,orderpicking,,,midden,https://emco-groep.nl/magazijn-logistiek
org020,post-en-pakketbezorging,,,hoog,https://emco-groep.nl/werksoorten
org020,metaalbewerking,,,midden,https://emco-groep.nl/metaal
org020,lassen,,,hoog,https://emco-groep.nl/montage-assemblage
org020,houtbewerking,,,hoog,https://emco-groep.nl/werksoorten
org020,groenvoorziening-en-onderhoud,,,hoog,https://emco-groep.nl/technische-dienst
org020,openbare-ruimte-en-straatreiniging,,,laag,https://emco-groep.nl/groen
org020,schoonmaak,,,hoog,https://emco-groep.nl/werksoorten
org020,receptie-en-gastvrijheid,,,midden,https://emco-groep.nl/facilitairedienstverlening
org020,postkamer-en-documentstromen,,,midden,https://emco-groep.nl/facilitairedienstverlening
org020,facilitaire-dienstverlening,,,hoog,https://emco-groep.nl/werksoorten
org020,beveiliging-en-toezicht,,,hoog,https://emco-groep.nl/werksoorten
org021,assemblage,,,hoog,https://www.empatec.nl/diensten/verpakken/
org021,montage,,,hoog,https://www.empatec.nl/diensten/dienstverlening/
org021,verpakken,,,hoog,https://www.empatec.nl/
org021,co-packing,,,hoog,https://www.empatec.nl/diensten/verpakken/
org021,fulfilment,,,hoog,https://www.empatec.nl/diensten/verpakken/
org021,magazijn-en-opslag,,,hoog,https://www.empatec.nl/diensten/verpakken/
org021,productie-en-lijnwerk,,,hoog,https://www.empatec.nl/diensten/montage/
org021,metaalbewerking,,,hoog,https://www.empatec.nl/
org021,plaatwerk,,,hoog,https://www.empatec.nl/diensten/metaalbewerking/
org021,lassen,,,hoog,https://www.empatec.nl/diensten/metaalbewerking/cnc-metaalbewerking/
org021,poedercoaten-en-spuiten,,,midden,https://www.empatec.nl/diensten/houtbewerking/
org021,houtbewerking,,,hoog,https://www.empatec.nl/diensten/montage/
org021,groenvoorziening-en-onderhoud,,,hoog,https://www.empatec.nl/
org021,openbare-ruimte-en-straatreiniging,,,hoog,https://www.empatec.nl/diensten/dienstverlening/
org021,schoonmaak,,,hoog,https://www.empatec.nl/
org021,klein-onderhoud-en-klusdiensten,,,hoog,https://www.empatec.nl/
org022,assemblage,,,hoog,https://ergon.nl/voor-bedrijven/diensten/ergon-productie/
org022,montage,,,hoog,https://ergon.nl/voor-bedrijven/diensten/ergon-productie/
org022,verpakken,,,hoog,https://ergon.nl/voor-bedrijven/diensten/ergon-productie/
org022,co-packing,,,hoog,https://ergon.nl/voor-bedrijven/diensten/ergon-productie/
org022,fulfilment,,,hoog,https://ergon.nl/voor-bedrijven/diensten/
org022,magazijn-en-opslag,,,hoog,https://ergon.nl/voor-bedrijven/diensten/
org022,post-en-pakketbezorging,,,hoog,https://ergon.nl/voor-bedrijven/diensten/ergon-post/
org022,productie-en-lijnwerk,,,laag,https://ergon.nl/voor-bedrijven/diensten/ergon-productie/
org022,groenvoorziening-en-onderhoud,,,hoog,https://ergon.nl/voor-bedrijven/diensten/ergon-groen/
org022,kwekerij-en-tuinbouw,,,hoog,https://ergon.nl/voor-bedrijven/diensten/
org022,openbare-ruimte-en-straatreiniging,,,laag,https://ergon.nl/voor-bedrijven/diensten/ergon-groen/
org022,schoonmaak,,,hoog,https://ergon.nl/voor-bedrijven/diensten/ergon-facilitair/
org022,receptie-en-gastvrijheid,,,hoog,https://ergon.nl/voor-bedrijven/diensten/
org022,facilitaire-dienstverlening,,,hoog,https://ergon.nl/voor-bedrijven/diensten/ergon-facilitair/
org022,catering,,,hoog,https://ergon.nl/voor-bedrijven/diensten/ergon-facilitair/
org022,bedrijfsrestaurant-en-horeca,,,hoog,https://ergon.nl/voor-bedrijven/diensten/ergon-facilitair/
org022,wasserij-en-linnenservice,,,hoog,https://ergon.nl/voor-bedrijven/diensten/
org024,montage,,eigen_bedrijf,laag,https://www.fijnder.nl/ondernemers/dienstverlening-werkgeversservicepunt-achterhoek
org024,verpakken,,eigen_bedrijf,midden,https://www.fijnder.nl/ondernemers/dienstverlening-werkgeversservicepunt-achterhoek
org024,schoonmaak,,,hoog,https://www.fijnder.nl/fijnder-zet-nieuwe-standaard-voor-duurzame-aanbesteding-schoonmaakbranche
org033,assemblage,,,hoog,https://www.hwwerkt.nl/ik-ben-werkgever/
org033,montage,,,hoog,https://www.hwwerkt.nl/ik-ben-werkgever/
org033,verpakken,,,hoog,https://www.hwwerkt.nl/ik-ben-werkgever/
org033,magazijn-en-opslag,,,laag,https://www.hwwerkt.nl/ondernemer/ik-wil-werk-uitbesteden/
org033,productie-en-lijnwerk,,,laag,https://www.hwwerkt.nl/ik-ben-werkgever/
org034,assemblage,,,hoog,https://www.ibn.nl/
org034,verpakken,,,hoog,https://www.ibn.nl/
org034,co-packing,,,hoog,https://www.ibn.nl/
org034,groenvoorziening-en-onderhoud,,,hoog,https://www.ibn.nl/
org034,kwekerij-en-tuinbouw,,,hoog,https://www.ibn.nl/
org034,openbare-ruimte-en-straatreiniging,,,laag,https://www.ibn.nl/bedrijfsleven/zaken-doen-met-ibn/groenonderhoud
org034,schoonmaak,,,hoog,https://www.ibn.nl/
org034,receptie-en-gastvrijheid,,,hoog,https://www.ibn.nl/bedrijfsleven/zaken-doen-met-ibn/social-return/social-return-sociale-inkopen/facilitaire-dienstverlening
org034,facilitaire-dienstverlening,,,hoog,https://www.ibn.nl/
org034,catering,,op_locatie,hoog,https://www.ibn.nl/
org034,bedrijfsrestaurant-en-horeca,,,hoog,https://www.ibn.nl/bedrijfsleven/zaken-doen-met-ibn/catering
org035,assemblage,,,hoog,https://www.iederz.nl/
org035,montage,,,hoog,https://www.iederz.nl/
org035,verpakken,,,hoog,https://www.iederz.nl/
org035,post-en-pakketbezorging,,,laag,https://www.iederz.nl/gedetacheerd-werk-bij-andere-werkgevers/
org035,groenvoorziening-en-onderhoud,,,laag,https://www.iederz.nl/gedetacheerd-werk-bij-andere-werkgevers/
org035,schoonmaak,,,hoog,https://www.iederz.nl/montage-en-assemblage/
org035,catering,,,laag,https://www.iederz.nl/gedetacheerd-werk-bij-andere-werkgevers/
org035,bedrijfsrestaurant-en-horeca,,,hoog,https://www.iederz.nl/montage-en-assemblage/
org036,assemblage,,,laag,https://www.ijmondwerkt.com/werk-uitbesteden/
org036,montage,,,hoog,https://www.ijmondwerkt.com/werk-uitbesteden/
org036,verpakken,,,hoog,https://www.ijmondwerkt.com/werk-uitbesteden/
org036,co-packing,,,laag,https://www.ijmondwerkt.com/contact-locaties-en-informatie/
org036,groenvoorziening-en-onderhoud,,,hoog,https://www.ijmondwerkt.com/2022/03/07/mooiemaandagstory-hoe-zag-2021-er-voor-onze-heemskerkse-groenploeg-uit-bekijk-deze-prachtige-compilatie/
org036,openbare-ruimte-en-straatreiniging,,,handmatig,https://www.ijmondwerkt.com/contact-locaties-en-informatie/
org037,assemblage,,,hoog,https://impact.nl/
org037,montage,,,hoog,https://impact.nl/
org037,verpakken,,,hoog,https://impact.nl/
org037,productie-en-lijnwerk,,,hoog,https://impact.nl/
org037,groenvoorziening-en-onderhoud,,,hoog,https://impact.nl/
org037,catering,,,hoog,https://www.impact.nl/sitemap
org038,assemblage,,,hoog,https://www.inclusiefgroep.nl/
org038,montage,,,hoog,https://www.inclusiefgroep.nl/
org038,elektrotechnische-assemblage,,,hoog,https://www.inclusiefgroep.nl/
org038,verpakken,,,hoog,https://www.inclusiefgroep.nl/ik-wil-werk-uitbesteden/productie/
org038,magazijn-en-opslag,,,hoog,https://www.inclusiefgroep.nl/ik-wil-werk-uitbesteden/elektromontage/
org038,post-en-pakketbezorging,,,hoog,https://www.inclusiefgroep.nl/
org038,schoonmaak,,,hoog,https://www.inclusiefgroep.nl/
org038,glazenwassen,,,laag,https://www.inclusiefgroep.nl/ik-wil-werk-uitbesteden/schoonmaak/
org038,catering,,,hoog,https://www.inclusiefgroep.nl/
org038,bedrijfsrestaurant-en-horeca,,,midden,https://www.inclusiefgroep.nl/ik-wil-werk-uitbesteden/catering/
org039,montage,,,midden,https://www.intos-gennep.nl/ik-ben-werkgever/
org039,verpakken,,,hoog,https://www.intos-gennep.nl/ik-ben-werkgever/
org039,productie-en-lijnwerk,,,laag,https://www.intos-gennep.nl/ik-ben-werkgever/
org040,assemblage,,,hoog,https://iw4.nl/facilitair-en-productie/verpakken-licht-montagewerk/
org040,montage,,,hoog,https://iw4.nl/
org040,verpakken,,,hoog,https://iw4.nl/
org040,co-packing,,,hoog,https://iw4.nl/facilitair-en-productie/verpakken-licht-montagewerk/
org040,schoonmaak,,,hoog,https://iw4.nl/
org040,glazenwassen,,,hoog,https://iw4.nl/facilitair-en-productie/verpakken-licht-montagewerk/
org040,catering,,,hoog,https://iw4.nl/
org040,bedrijfsrestaurant-en-horeca,,,hoog,https://iw4.nl/facilitair-en-productie/verpakken-licht-montagewerk/
org040,voedselbewerking,,,hoog,https://iw4.nl/
org041,assemblage,,,midden,https://kansis.nl/
org041,montage,,,midden,https://kansis.nl/
org041,verpakken,,,hoog,https://kansis.nl/
org041,magazijn-en-opslag,,,hoog,https://kansis.nl/
org041,groenvoorziening-en-onderhoud,,,hoog,https://kansis.nl/
org041,openbare-ruimte-en-straatreiniging,,,hoog,https://kansis.nl/chauffeurs-in-het-groen/
org041,schoonmaak,,,hoog,https://kansis.nl/
org041,receptie-en-gastvrijheid,,,hoog,https://kansis.nl/
org041,facilitaire-dienstverlening,,,laag,https://kansis.nl/
org041,catering,,,laag,https://kansis.nl/
org042,assemblage,,,hoog,https://www.kempenplus.com/elektromontage-en-assemblage
org042,montage,,,hoog,https://www.kempenplus.com/elektromontage-en-assemblage
org042,elektrotechnische-assemblage,,,hoog,https://www.kempenplus.com/elektromontage-en-assemblage
org042,verpakken,,,hoog,https://www.kempenplus.com/werk-uitbesteden
org042,co-packing,,,midden,https://www.kempenplus.com/verpakkingen-grafische-afwerking
org042,metaalbewerking,,,hoog,https://www.kempenplus.com/werk-uitbesteden
org042,lassen,,,laag,https://www.kempenplus.com/werk-uitbesteden
org042,groenvoorziening-en-onderhoud,,,hoog,https://www.kempenplus.com/werk-uitbesteden
org042,openbare-ruimte-en-straatreiniging,,,hoog,https://www.kempenplus.com/werk-uitbesteden
org042,facilitaire-dienstverlening,,,hoog,https://www.kempenplus.com/facilitaire-dienstverlening
org042,drukwerk-en-print,,,hoog,https://www.kempenplus.com/werk-uitbesteden
org043,assemblage,,,hoog,https://www.konnected.nl/voor-werkgevers/inhuur-diensten/
org043,montage,,,hoog,https://www.konnected.nl/voor-werkgevers/inhuur-diensten/
org043,verpakken,,,hoog,https://www.konnected.nl/voor-werkgevers/inhuur-diensten/
org043,magazijn-en-opslag,,,hoog,https://www.konnected.nl/voor-werkgevers/werk-uitbesteden/
org043,metaalbewerking,,,midden,https://www.konnected.nl/voor-werkgevers/werk-uitbesteden/
org043,plaatwerk,,,laag,https://www.konnected.nl/voor-werkgevers/werk-uitbesteden/
org043,lassen,,,laag,https://www.konnected.nl/voor-werkgevers/werk-uitbesteden/
org043,groenvoorziening-en-onderhoud,,,laag,https://www.konnected.nl/ten-kate-flowers-decorations-sociaal-uitbesteden-geeft-een-grote-meerwaarde/
org043,schoonmaak,,,hoog,https://www.konnected.nl/voor-werkgevers/inhuur-diensten/
org043,glazenwassen,,,laag,https://www.konnected.nl/voor-werkgevers/inhuur-diensten/
org044,assemblage,,,midden,https://www.laborijn.nl/ik-wil-werk-uitbesteden
org044,montage,,,laag,https://www.laborijn.nl/ik-wil-werk-uitbesteden
org044,verpakken,,,laag,https://www.laborijn.nl/ik-wil-werk-uitbesteden
org044,productie-en-lijnwerk,,beide,hoog,https://www.laborijn.nl/ik-wil-werk-uitbesteden
org045,assemblage,,,hoog,https://larcom.nl/diensten/werk-uitbesteden/montage-assemblage
org045,montage,,,hoog,https://larcom.nl/diensten/werk-uitbesteden/montage-assemblage
org045,elektrotechnische-assemblage,,,hoog,https://larcom.nl/diensten/werk-uitbesteden
org045,verpakken,,,hoog,https://larcom.nl/diensten/werk-uitbesteden/montage-assemblage
org045,magazijn-en-opslag,,,laag,https://larcom.nl/diensten/werk-uitbesteden/verpakken
org045,transport-en-koeriersdiensten,,,hoog,https://larcom.nl/
org045,post-en-pakketbezorging,,,hoog,https://larcom.nl/
org045,lassen,,,laag,https://larcom.nl/diensten/werk-uitbesteden
org045,houtbewerking,,,laag,https://larcom.nl/diensten/werk-uitbesteden
org045,groenvoorziening-en-onderhoud,,,hoog,https://larcom.nl/
org045,openbare-ruimte-en-straatreiniging,,,laag,https://larcom.nl/diensten/groenvoorziening/groenonderhoud
org045,administratieve-ondersteuning,,,hoog,https://larcom.nl/
org046,verpakken,,,hoog,https://www.midwerk.nl/werk-uitbesteden-met-impact
org046,groenvoorziening-en-onderhoud,,,hoog,https://www.midwerk.nl/werk-uitbesteden-met-impact
org046,schoonmaak,,,hoog,https://www.midwerk.nl/werk-uitbesteden-met-impact
org046,wasserij-en-linnenservice,,,handmatig,https://www.midwerk.nl/werk-uitbesteden-met-impact
org046,naaiatelier-en-confectie,,,hoog,https://www.midwerk.nl/werk-uitbesteden-met-impact
org046,drukwerk-en-print,,,hoog,https://www.midwerk.nl/werk-uitbesteden-met-impact
org046,kringloop-en-hergebruik,,,hoog,https://www.midwerk.nl/
org047,assemblage,,,hoog,https://www.midzuid.nl/voor-werkgevers/werk-uitbesteden
org047,montage,,,hoog,https://www.midzuid.nl/voor-werkgevers/werk-uitbesteden
org047,verpakken,,,hoog,https://www.midzuid.nl/voor-werkgevers/werk-uitbesteden
org047,co-packing,,,hoog,https://www.midzuid.nl/voor-werkgevers/werk-uitbesteden
org047,magazijn-en-opslag,,,hoog,https://www.midzuid.nl/
org047,groenvoorziening-en-onderhoud,,,hoog,https://www.midzuid.nl/in-de-buurt/groenbeheer
org047,openbare-ruimte-en-straatreiniging,,,midden,https://www.midzuid.nl/in-de-buurt/groenbeheer
org047,demontage-en-recycling,,,laag,https://www.midzuid.nl/voor-werkgevers/werk-uitbesteden
org047,fietsenwerkplaats,,,handmatig,https://www.midzuid.nl/
org048,assemblage,,,hoog,https://mtb.nl/onze-diensten/verpakkingsdiensten/
org048,montage,,,hoog,https://mtb.nl/
org048,elektrotechnische-assemblage,,,hoog,https://mtb.nl/onze-diensten/elektromontage-en-bekabeling/
org048,verpakken,,,hoog,https://mtb.nl/onze-diensten/verpakkingsdiensten/
org048,co-packing,,,hoog,https://mtb.nl/onze-diensten/verpakkingsdiensten/
org048,fulfilment,,,midden,https://mtb.nl/onze-diensten/verpakkingsdiensten/
org048,magazijn-en-opslag,,,midden,https://mtb.nl/onze-diensten/assemblage-in-opdracht/
org048,productie-en-lijnwerk,,,hoog,https://mtb.nl/onze-diensten/assemblage-in-opdracht/
org048,metaalbewerking,,,laag,https://mtb.nl/onze-diensten/elektromontage-en-bekabeling/
org048,industriele-en-specialistische-reiniging,,,laag,https://mtb.nl/onze-diensten/hardware-werkplekreiniging/
org048,catering,,,hoog,https://mtb.nl/onze-diensten/
org048,bedrijfsrestaurant-en-horeca,,,hoog,https://mtb.nl/onze-diensten/lunchroom-halr/
org049,assemblage,,,hoog,https://nlw.nl/
org049,montage,,,hoog,https://nlw.nl/
org049,elektrotechnische-assemblage,,,hoog,https://nlw.nl/sociale-werkplaats/werk-uitbesteden/assemblagebedrijf
org049,verpakken,,,hoog,https://nlw.nl/
org049,co-packing,,,midden,https://nlw.nl/sociale-werkplaats/werk-uitbesteden/inpakbedrijf
org049,mailing-en-lettershop,,,laag,https://nlw.nl/sociale-werkplaats/werk-uitbesteden/assemblagebedrijf/elektronica-assemblage
org049,magazijn-en-opslag,,,hoog,https://nlw.nl/sociale-werkplaats/werk-uitbesteden/inpakbedrijf
org049,schoonmaak,,,laag,https://nlw.nl/sociale-werkplaats/werk-uitbesteden
org049,facilitaire-dienstverlening,,,laag,https://nlw.nl/sociale-werkplaats
org049,bedrijfsrestaurant-en-horeca,,,hoog,https://nlw.nl/sociale-werkplaats/werk-uitbesteden
org049,drukwerk-en-print,,,laag,https://nlw.nl/sociale-werkplaats/werk-uitbesteden/assemblagebedrijf/elektronica-assemblage
org050,assemblage,,,hoog,https://www.noordwestgroep.nl/over-ons/partners/
org050,verpakken,,,hoog,https://www.noordwestgroep.nl/over-ons/partners/
org050,catering,,,hoog,https://www.noordwestgroep.nl/werkgevers/
org051,assemblage,,,hoog,https://www.novatec.nl/ik-wil-werk-uitbesteden
org051,verpakken,,,hoog,https://www.novatec.nl/ik-wil-werk-uitbesteden
org051,poedercoaten-en-spuiten,,,hoog,https://www.novatec.nl/ik-wil-werk-uitbesteden
org051,kwekerij-en-tuinbouw,,,hoog,https://www.novatec.nl/ik-wil-werk-uitbesteden
org051,schoonmaak,,,hoog,https://www.novatec.nl/ik-wil-werk-uitbesteden
org051,catering,,,hoog,https://www.novatec.nl/ik-wil-werk-uitbesteden
org051,kringloop-en-hergebruik,,,hoog,https://www.novatec.nl/ik-wil-werk-uitbesteden
org052,assemblage,,,hoog,https://ontplooj.nl/onze-diensten/productie-assemblage/
org052,verpakken,,,hoog,https://ontplooj.nl/onze-diensten/productie-assemblage/
org052,schoonmaak,,,hoog,https://ontplooj.nl/onze-diensten/
org052,catering,,eigen_bedrijf,hoog,https://ontplooj.nl/onze-diensten/
org052,bedrijfsrestaurant-en-horeca,,,hoog,https://ontplooj.nl/onze-diensten/catering/
org052,wasserij-en-linnenservice,,,hoog,https://ontplooj.nl/onze-diensten/schoonmaak/
org054,assemblage,,,laag,https://www.orioniswalcheren.nl/werkontwikkelbedrijf/metaalbewerking
org054,montage,,,midden,https://www.orioniswalcheren.nl/werkontwikkelbedrijf
org054,verpakken,,,hoog,https://www.orioniswalcheren.nl/werkontwikkelbedrijf/productie
org054,mailing-en-lettershop,,,midden,https://www.orioniswalcheren.nl/werkontwikkelbedrijf
org054,magazijn-en-opslag,,,hoog,https://www.orioniswalcheren.nl/werkontwikkelbedrijf/productie
org054,productie-en-lijnwerk,,,hoog,https://www.orioniswalcheren.nl/werkontwikkelbedrijf/productie
org054,metaalbewerking,,,hoog,https://www.orioniswalcheren.nl/werkontwikkelbedrijf/metaalbewerking
org054,plaatwerk,,,laag,https://www.orioniswalcheren.nl/werkontwikkelbedrijf/metaalbewerking
org054,poedercoaten-en-spuiten,,,laag,https://www.orioniswalcheren.nl/werkontwikkelbedrijf
org054,groenvoorziening-en-onderhoud,,,hoog,https://www.orioniswalcheren.nl/werkontwikkelbedrijf/buitendienst
org054,schoonmaak,,,midden,https://www.orioniswalcheren.nl/werkontwikkelbedrijf/buitendienst
org054,bedrijfsrestaurant-en-horeca,,,hoog,https://www.orioniswalcheren.nl/werkontwikkelbedrijf/productie
org054,wasserij-en-linnenservice,,,hoog,https://www.orioniswalcheren.nl/werkontwikkelbedrijf/wasserij
org054,drukwerk-en-print,,,midden,https://www.orioniswalcheren.nl/werkontwikkelbedrijf
org055,magazijn-en-opslag,,,hoog,https://pantar.nl/sociaal-ondernemen/logistiek/
org055,transport-en-koeriersdiensten,,,hoog,https://pantar.nl/sociaal-ondernemen/logistiek/
org055,post-en-pakketbezorging,,,laag,https://pantar.nl/sociaal-ondernemen/logistiek/
org055,groenvoorziening-en-onderhoud,,,hoog,https://pantar.nl/sociaal-ondernemen/groen/
org055,openbare-ruimte-en-straatreiniging,,,hoog,https://pantar.nl/sociaal-ondernemen/groen/
org055,postkamer-en-documentstromen,,,laag,https://pantar.nl/sociaal-ondernemen/logistiek/
org057,assemblage,,,hoog,https://patijnenburg.nl/ik-wil-werk-uitbesteden/
org057,montage,,,laag,https://patijnenburg.nl/ik-wil-werk-uitbesteden/assemblage/
org057,elektrotechnische-assemblage,,,hoog,https://patijnenburg.nl/ik-wil-werk-uitbesteden/verpakken-uitbesteden/
org057,verpakken,,,hoog,https://patijnenburg.nl/ik-wil-werk-uitbesteden/
org057,co-packing,,,midden,https://patijnenburg.nl/ik-wil-werk-uitbesteden/verpakken-uitbesteden/
org057,fulfilment,,,midden,https://patijnenburg.nl/ik-wil-werk-uitbesteden/verpakken-uitbesteden/
org057,magazijn-en-opslag,,,hoog,https://patijnenburg.nl/ik-wil-werk-uitbesteden/assemblage/
org057,groenvoorziening-en-onderhoud,,,hoog,https://patijnenburg.nl/ik-wil-werk-uitbesteden/
org057,schoonmaak,,,hoog,https://patijnenburg.nl/ik-wil-werk-uitbesteden/
org058,assemblage,,,hoog,https://www.probedrijven.nl/
org058,montage,,,hoog,https://www.probedrijven.nl/pro-verpakken/diensten
org058,elektrotechnische-assemblage,,,midden,https://www.probedrijven.nl/pro-verpakken/proverpakken-diensten/machinale-handmatige-assemblage
org058,verpakken,,,hoog,https://www.probedrijven.nl/
org058,mailing-en-lettershop,,,hoog,https://www.probedrijven.nl/probezorgt/diensten
org058,magazijn-en-opslag,,,hoog,https://www.probedrijven.nl/pro-verpakken/diensten
org058,transport-en-koeriersdiensten,,,hoog,https://www.probedrijven.nl/probezorgt/diensten
org058,post-en-pakketbezorging,,,hoog,https://www.probedrijven.nl/probezorgt/diensten
org058,groenvoorziening-en-onderhoud,,,hoog,https://www.probedrijven.nl/progroen-milieu/diensten
org058,openbare-ruimte-en-straatreiniging,,,laag,https://www.probedrijven.nl/progroen-milieu/diensten/reiniging
org058,schoonmaak,,,hoog,https://www.probedrijven.nl/progroen-milieu/diensten
org058,industriele-en-specialistische-reiniging,,,laag,https://www.probedrijven.nl/progroen-milieu/diensten/reiniging
org058,drukwerk-en-print,,,handmatig,https://www.probedrijven.nl/
org059,assemblage,,,hoog,https://promen.nl/werk-uitbesteden/techniek-logistiek/
org059,montage,,,laag,https://promen.nl/werk-uitbesteden/techniek-logistiek/
org059,verpakken,,,hoog,https://promen.nl/werk-uitbesteden/techniek-logistiek/
org059,fulfilment,,,midden,https://promen.nl/werk-uitbesteden/
org059,magazijn-en-opslag,,,hoog,https://promen.nl/werk-uitbesteden/techniek-logistiek/
org059,post-en-pakketbezorging,,,hoog,https://promen.nl/werk-uitbesteden/techniek-logistiek/
org059,groenvoorziening-en-onderhoud,,,hoog,https://promen.nl/werk-uitbesteden/groen-schoon/
org059,schoonmaak,,,hoog,https://promen.nl/werk-uitbesteden/groen-schoon/
org059,catering,,,hoog,https://promen.nl/werk-uitbesteden/bedrijfscatering/
org059,voedselbewerking,,,hoog,https://promen.nl/werk-uitbesteden/assembleren-verpakken/
org060,assemblage,,,laag,https://www.provalu.nl/over-ons-oud/werk-uitbesteden-provalu-regelt-het/
org060,elektrotechnische-assemblage,,,hoog,https://www.provalu.nl/over-ons-oud/werk-uitbesteden-provalu-regelt-het/
org060,verpakken,,,hoog,https://www.provalu.nl/over-ons-oud/werk-uitbesteden-provalu-regelt-het/
org060,post-en-pakketbezorging,,,hoog,https://www.provalu.nl/over-ons-oud/werk-uitbesteden-provalu-regelt-het/
org060,productie-en-lijnwerk,,,midden,https://www.provalu.nl/over-ons-oud/werk-uitbesteden-provalu-regelt-het/
org060,groenvoorziening-en-onderhoud,,,hoog,https://www.provalu.nl/over-ons-oud/werk-uitbesteden-provalu-regelt-het/
org060,schoonmaak,,,hoog,https://www.provalu.nl/over-ons-oud/werk-uitbesteden-provalu-regelt-het/
org061,assemblage,,,hoog,https://www.reestmond.nl/assembleren-verpakken/
org061,montage,,,midden,https://www.reestmond.nl/assembleren-verpakken/
org061,verpakken,,,hoog,https://www.reestmond.nl/assembleren-verpakken/
org061,co-packing,,,midden,https://www.reestmond.nl/assembleren-verpakken/
org061,orderpicking,,,laag,https://www.reestmond.nl/assembleren-verpakken/
org061,transport-en-koeriersdiensten,,,hoog,https://www.reestmond.nl/personenvervoer/
org061,productie-en-lijnwerk,,,laag,https://www.reestmond.nl/assembleren-verpakken/
org061,schoonmaak,,,hoog,https://www.reestmond.nl/schoonmaak/
org061,catering,,,hoog,https://www.reestmond.nl/catering-broodjemeppel/
org062,assemblage,,,hoog,https://rijnvicus.nl/werkgevers/ik-heb-werk-om-uit-te-besteden/elektromontage
org062,elektrotechnische-assemblage,,,hoog,https://rijnvicus.nl/werkgevers/ik-heb-werk-om-uit-te-besteden/elektromontage
org062,verpakken,,,hoog,https://rijnvicus.nl/werkgevers/ik-heb-werk-om-uit-te-besteden/in-om-en-verpakken
org062,co-packing,,,hoog,https://rijnvicus.nl/
org062,fulfilment,,,hoog,https://rijnvicus.nl/over-ons/commercieel-team/fulfilment
org062,magazijn-en-opslag,,,hoog,https://rijnvicus.nl/werkgevers/ik-heb-werk-om-uit-te-besteden/logistiek
org062,orderpicking,,,laag,https://rijnvicus.nl/werkgevers/ik-heb-werk-om-uit-te-besteden/logistiek
org062,productie-en-lijnwerk,,,laag,https://rijnvicus.nl/werkgevers/ik-zoek-personeel/iemand-inhuren
org062,metaalbewerking,,,hoog,https://rijnvicus.nl/werkgevers/ik-heb-werk-om-uit-te-besteden/metaalbewerking
org062,plaatwerk,,,laag,https://rijnvicus.nl/werkgevers/ik-heb-werk-om-uit-te-besteden/metaalbewerking
org062,lassen,,,midden,https://rijnvicus.nl/werkgevers/ik-heb-werk-om-uit-te-besteden/metaalbewerking
org062,groenvoorziening-en-onderhoud,,,hoog,https://rijnvicus.nl/werkgevers/ik-heb-werk-om-uit-te-besteden/groenvoorziening-en-onderhoud
org062,schoonmaak,,,hoog,https://rijnvicus.nl/werkgevers/ik-heb-werk-om-uit-te-besteden/schoonmaak
org062,industriele-en-specialistische-reiniging,,,hoog,https://rijnvicus.nl/producten
org062,catering,,,hoog,https://rijnvicus.nl/werkgevers/ik-heb-werk-om-uit-te-besteden/catering
org062,bedrijfsrestaurant-en-horeca,,,hoog,https://rijnvicus.nl/werkgevers/ik-heb-werk-om-uit-te-besteden/schoonmaak
org062,scannen-en-archiveren,,,laag,https://rijnvicus.nl/werkgevers/ik-zoek-personeel/iemand-inhuren
org062,demontage-en-recycling,,,laag,https://rijnvicus.nl/producten
org063,assemblage,,,laag,https://www.risse.nl/voor-werkgevers/werk-uitbesteden/
org063,montage,,,laag,https://www.risse.nl/voor-werkgevers/werk-uitbesteden/
org063,verpakken,,,midden,https://www.risse.nl/voor-werkgevers/werk-uitbesteden/
org063,magazijn-en-opslag,,,laag,https://www.risse.nl/voor-werkgevers/werk-uitbesteden/
org065,assemblage,,,midden,https://www.scalabor.nl/scalabor-divers-en-veelzijdig/inpak-en-montage-werk/
org065,montage,,,hoog,https://www.scalabor.nl/scalabor-divers-en-veelzijdig/inpak-en-montage-werk/
org065,verpakken,,,hoog,https://www.scalabor.nl/2026/07/16/e-fulfilment-van-scalabor-krijgt-een-nieuw-thuis-bij-groene-rijders/
org065,fulfilment,,,hoog,https://www.scalabor.nl/
org065,magazijn-en-opslag,,,hoog,https://www.scalabor.nl/2026/07/16/e-fulfilment-van-scalabor-krijgt-een-nieuw-thuis-bij-groene-rijders/
org065,orderpicking,,,hoog,https://www.scalabor.nl/scalabor-divers-en-veelzijdig/e-fulfilment-voor-webshops-en-bedrijven/
org065,meubelmakerij,,,laag,https://www.scalabor.nl/2024/06/13/scalabor-en-presikhaaf-schoolmeubelen-verlengen-contract-als-sociaal-werkgevers/
org065,groenvoorziening-en-onderhoud,,,hoog,https://www.scalabor.nl/scalabor-divers-en-veelzijdig/groenvoorziening/
org065,kwekerij-en-tuinbouw,,,hoog,https://www.scalabor.nl/scalabor-divers-en-veelzijdig/facilitaire-diensten/
org065,schoonmaak,,,hoog,https://www.scalabor.nl/scalabor-divers-en-veelzijdig/facilitaire-diensten/
org065,receptie-en-gastvrijheid,,,hoog,https://www.scalabor.nl/scalabor-divers-en-veelzijdig/facilitaire-diensten/
org065,facilitaire-dienstverlening,,,hoog,https://www.scalabor.nl/scalabor-divers-en-veelzijdig/facilitaire-diensten/
org065,beveiliging-en-toezicht,,,hoog,https://www.scalabor.nl/scalabor-divers-en-veelzijdig/facilitaire-diensten/
org065,catering,,,laag,https://www.scalabor.nl/scalabor-divers-en-veelzijdig/facilitaire-diensten/
org065,bedrijfsrestaurant-en-horeca,,,hoog,https://www.scalabor.nl/scalabor-divers-en-veelzijdig/facilitaire-diensten/
org066,assemblage,,,laag,https://www.senzer.nl/werkgever/werk-uitbesteden
org066,montage,,,midden,https://www.senzer.nl/werkgever/werk-uitbesteden
org066,verpakken,,,hoog,https://www.senzer.nl/werkgever/werk-uitbesteden
org066,productie-en-lijnwerk,,,laag,https://www.senzer.nl/werkgever
org066,groenvoorziening-en-onderhoud,,,laag,https://www.senzer.nl/inclusieve-en-financi%C3%ABle-dienstverlening-aan-800-ondernemers-en-werkgevers-23
org066,schoonmaak,,,hoog,https://www.senzer.nl/inclusieve-en-financi%C3%ABle-dienstverlening-aan-800-ondernemers-en-werkgevers-23
org066,catering,,,hoog,https://www.senzer.nl/werkgever/werk-uitbesteden
org066,bedrijfsrestaurant-en-horeca,,,hoog,https://www.senzer.nl/werkgever/werk-uitbesteden
org067,assemblage,,,hoog,https://www.spaarnewerkt.nl/werk-uitbesteden/
org067,montage,,,hoog,https://www.spaarnewerkt.nl/werk-uitbesteden/techniek-metaalbewerking/
org067,elektrotechnische-assemblage,,,midden,https://www.spaarnewerkt.nl/werk-uitbesteden/techniek-metaalbewerking/
org067,verpakken,,,hoog,https://www.spaarnewerkt.nl/werk-uitbesteden/techniek-metaalbewerking/
org067,fulfilment,,,midden,https://www.spaarnewerkt.nl/werk-uitbesteden/grafische-vormgeving/
org067,mailing-en-lettershop,,,hoog,https://www.spaarnewerkt.nl/werk-uitbesteden/grafische-vormgeving/
org067,magazijn-en-opslag,,,hoog,https://www.spaarnewerkt.nl/werk-uitbesteden/grafische-vormgeving/
org067,post-en-pakketbezorging,,,hoog,https://www.spaarnewerkt.nl/
org067,metaalbewerking,,,hoog,https://www.spaarnewerkt.nl/werk-uitbesteden/
org067,plaatwerk,,,midden,https://www.spaarnewerkt.nl/werk-uitbesteden/techniek-metaalbewerking/
org067,lassen,,,midden,https://www.spaarnewerkt.nl/werk-uitbesteden/techniek-metaalbewerking/
org067,poedercoaten-en-spuiten,,,hoog,https://www.spaarnewerkt.nl/werk-uitbesteden/techniek-metaalbewerking/
org067,groenvoorziening-en-onderhoud,,,hoog,https://www.spaarnewerkt.nl/werk-uitbesteden/
org067,openbare-ruimte-en-straatreiniging,,,hoog,https://www.spaarnewerkt.nl/werk-uitbesteden/groenvoorziening/
org067,schoonmaak,,,hoog,https://www.spaarnewerkt.nl/
org067,drukwerk-en-print,,,hoog,https://www.spaarnewerkt.nl/werk-uitbesteden/
org067,kringloop-en-hergebruik,,,hoog,https://www.spaarnewerkt.nl/
org069,assemblage,,,hoog,https://www.wijzijnstark.nl/mogelijkheden/productie/
org069,verpakken,,,hoog,https://www.wijzijnstark.nl/mogelijkheden/productie/
org069,co-packing,,,hoog,https://www.wijzijnstark.nl/
org069,houtbewerking,,,laag,https://www.wijzijnstark.nl/mogelijkheden/productie/
org069,groenvoorziening-en-onderhoud,,,hoog,https://www.wijzijnstark.nl/mogelijkheden/groen-onderhoud/
org069,catering,,,hoog,https://www.wijzijnstark.nl/
org070,assemblage,,,laag,https://moa-werkt.nl/moai-wurk/
org070,montage,,,laag,https://moa-werkt.nl/
org070,verpakken,,,hoog,https://moa-werkt.nl/moai-wurk/
org070,productie-en-lijnwerk,,,midden,https://moa-werkt.nl/moai-wurk/
org070,groenvoorziening-en-onderhoud,,,hoog,https://moa-werkt.nl/
org070,openbare-ruimte-en-straatreiniging,,,laag,https://moa-werkt.nl/moa-grien/
org070,schoonmaak,,,hoog,https://moa-werkt.nl/
org070,naaiatelier-en-confectie,,,handmatig,https://moa-werkt.nl/moai-wurk/
org072,assemblage,,,hoog,https://www.swb.nl/werkgevers/
org072,elektrotechnische-assemblage,,,laag,https://www.swb.nl/contact/werk-uitbesteden/
org072,verpakken,,,hoog,https://www.swb.nl/werkgevers/
org072,productie-en-lijnwerk,,,hoog,https://www.swb.nl/werkgevers/
org072,openbare-ruimte-en-straatreiniging,,,hoog,https://www.swb.nl/
org072,schoonmaak,,,hoog,https://www.swb.nl/werkgevers/
org073,montage,,,laag,https://tiem.nl/sector/productie/
org073,verpakken,,,hoog,https://tiem.nl/ik-wil-werk-uitbesteden/
org073,voedselbewerking,,,hoog,https://tiem.nl/ik-wil-werk-uitbesteden/
org073,administratieve-ondersteuning,,,laag,https://tiem.nl/ik-wil-werk-uitbesteden/
org074,assemblage,,,midden,https://tomingroep.nl/ik-heb-werk/
org074,montage,,,hoog,https://tomingroep.nl/ik-heb-werk/
org074,verpakken,,,hoog,https://tomingroep.nl/ik-heb-werk/
org074,magazijn-en-opslag,,,midden,https://tomingroep.nl/ik-heb-werk/
org074,groenvoorziening-en-onderhoud,,,hoog,https://tomingroep.nl/ik-heb-werk/
org074,openbare-ruimte-en-straatreiniging,,,hoog,https://tomingroep.nl/onze-mogelijkheden/
org074,schoonmaak,,,hoog,https://tomingroep.nl/ik-heb-werk/
org074,facilitaire-dienstverlening,,,laag,https://tomingroep.nl/onze-mogelijkheden/
org074,catering,,,hoog,https://tomingroep.nl/ik-heb-werk/
org074,scannen-en-archiveren,,,midden,https://tomingroep.nl/ik-heb-werk/
org074,kringloop-en-hergebruik,,,midden,https://tomingroep.nl/ik-heb-werk/
org075,assemblage,,,hoog,https://www.uw.nl/bedrijven/werk-uitbesteden/
org075,montage,,,hoog,https://www.uw.nl/bedrijven/werk-uitbesteden/montage-en-assemblage/
org075,elektrotechnische-assemblage,,,midden,https://www.uw.nl/bedrijven/werk-uitbesteden/montage-en-assemblage/
org075,verpakken,,,hoog,https://www.uw.nl/bedrijven/werk-uitbesteden/
org075,co-packing,,,midden,https://www.uw.nl/bedrijven/werk-uitbesteden/licht-productie/
org075,metaalbewerking,,,midden,https://www.uw.nl/bedrijven/werk-uitbesteden/metaal/
org075,lassen,,,midden,https://www.uw.nl/bedrijven/werk-uitbesteden/metaal/
org075,groenvoorziening-en-onderhoud,,,hoog,https://www.uw.nl/
org075,openbare-ruimte-en-straatreiniging,,,midden,https://www.uw.nl/bedrijven/werk-uitbesteden/groen-aanleg-onderhoud/
org075,schoonmaak,,,hoog,https://www.uw.nl/
org075,facilitaire-dienstverlening,,,hoog,https://www.uw.nl/bedrijven/werk-uitbesteden/
org075,catering,,,hoog,https://www.uw.nl/bedrijven/werk-uitbesteden/schoonmaak-utrecht/
org076,assemblage,,,hoog,https://www.123vakmensen.nl/
org076,montage,,,laag,https://www.123vakmensen.nl/bedrijven/
org076,verpakken,,,hoog,https://www.123vakmensen.nl/
org076,magazijn-en-opslag,,,hoog,https://www.123vakmensen.nl/samenwerking-vakmensen-hanzestrohm-helpt-beide-bedrijven-vooruit/
org076,transport-en-koeriersdiensten,,,handmatig,https://www.123vakmensen.nl/
org076,houtbewerking,,,hoog,https://www.123vakmensen.nl/bedrijven/
org076,groenvoorziening-en-onderhoud,,,hoog,https://www.123vakmensen.nl/
org076,schoonmaak,,,hoog,https://www.123vakmensen.nl/eigenaren-van-vakmensen-richten-nieuw-bedrijf-vakmensen-services-op/
org076,klein-onderhoud-en-klusdiensten,,,handmatig,https://www.123vakmensen.nl/
org076,catering,,,laag,https://www.123vakmensen.nl/
org076,bedrijfsrestaurant-en-horeca,,,hoog,https://www.123vakmensen.nl/
org076,wasserij-en-linnenservice,,,handmatig,https://www.123vakmensen.nl/
org076,naaiatelier-en-confectie,,,handmatig,https://www.123vakmensen.nl/
org076,drukwerk-en-print,,,handmatig,https://www.123vakmensen.nl/
org076,kringloop-en-hergebruik,,,hoog,https://www.123vakmensen.nl/
org076,fietsenwerkplaats,,,hoog,https://www.123vakmensen.nl/eigenaren-van-vakmensen-richten-nieuw-bedrijf-vakmensen-services-op/
org077,assemblage,,,hoog,https://vidar.nl/voor-bedrijven/werk-uitbesteden/assemblage-en-montage/
org077,montage,,,hoog,https://vidar.nl/voor-bedrijven/werk-uitbesteden/assemblage-en-montage/
org077,elektrotechnische-assemblage,,,midden,https://vidar.nl/voor-bedrijven/werk-uitbesteden/assemblage-en-montage/
org077,verpakken,,,hoog,https://vidar.nl/voor-bedrijven/werk-uitbesteden/assemblage-en-montage/
org077,co-packing,,,midden,https://vidar.nl/voor-bedrijven/werk-uitbesteden/verpakken-en-ompakken/
org077,productie-en-lijnwerk,,,hoog,https://vidar.nl/voor-bedrijven/werk-uitbesteden/productiewerk/
org077,bedrijfsrestaurant-en-horeca,,,midden,https://vidar.nl/voor-bedrijven/personeel-vinden/contact-voor-bedrijven/
org078,assemblage,,,hoog,https://www.vpwerkt.nl/voor-werkgevers/uitbesteding/montage-en-assemblage
org078,montage,,,hoog,https://www.vpwerkt.nl/
org078,verpakken,,,hoog,https://www.vpwerkt.nl/
org078,co-packing,,,laag,https://www.vpwerkt.nl/voor-werkgevers/uitbesteding/verpakken
org078,magazijn-en-opslag,,,hoog,https://www.vpwerkt.nl/voor-werkgevers/uitbesteding/opslag
org078,transport-en-koeriersdiensten,,,hoog,https://www.vpwerkt.nl/
org078,groenvoorziening-en-onderhoud,,,hoog,https://www.vpwerkt.nl/
org078,openbare-ruimte-en-straatreiniging,,,laag,https://www.vpwerkt.nl/over/groenvoorziening-voorne-putten
org078,schoonmaak,,,hoog,https://www.vpwerkt.nl/
org078,beveiliging-en-toezicht,,,hoog,https://www.vpwerkt.nl/
org078,voedselbewerking,,,laag,https://www.vpwerkt.nl/voor-werkgevers/uitbesteding/verpakken
org078,drukwerk-en-print,,,handmatig,https://www.vpwerkt.nl/
org079,productie-en-lijnwerk,,,hoog,https://www.waagroep.nl/
org080,assemblage,,,hoog,https://wedeka.nl/werksoorten/verpakken/
org080,montage,,,hoog,https://wedeka.nl/werksoorten/electronica/
org080,elektrotechnische-assemblage,,,hoog,https://wedeka.nl/werksoorten/electronica/
org080,verpakken,,,hoog,https://wedeka.nl/
org080,co-packing,,,laag,https://wedeka.nl/werksoorten/vervoer-logistiek/
org080,magazijn-en-opslag,,,hoog,https://wedeka.nl/werksoorten/verpakken/
org080,orderpicking,,,hoog,https://wedeka.nl/werksoorten/verpakken/
org080,transport-en-koeriersdiensten,,,laag,https://wedeka.nl/werksoorten/vervoer-logistiek/
org080,metaalbewerking,,,hoog,https://wedeka.nl/werksoorten/elektromontage-metaal/
org080,plaatwerk,,,laag,https://wedeka.nl/werksoorten/elektromontage-metaal/
org080,lassen,,,midden,https://wedeka.nl/werksoorten/elektromontage-metaal/
org080,groenvoorziening-en-onderhoud,,,hoog,https://wedeka.nl/werksoorten/groen-landschapsbeheer/
org080,openbare-ruimte-en-straatreiniging,,,midden,https://wedeka.nl/werksoorten/groen-landschapsbeheer/
org080,schoonmaak,,,hoog,https://wedeka.nl/
org080,facilitaire-dienstverlening,,,hoog,https://wedeka.nl/werksoorten/detachering/
org080,kringloop-en-hergebruik,,,hoog,https://wedeka.nl/
org081,assemblage,,,hoog,https://www.weenerxl.nl/post-en-logistieke-diensten/
org081,verpakken,,,hoog,https://www.weenerxl.nl/post-en-logistieke-diensten/
org081,transport-en-koeriersdiensten,,,midden,https://www.weenerxl.nl/post-en-logistieke-diensten/
org081,post-en-pakketbezorging,,,hoog,https://www.weenerxl.nl/post-en-logistieke-diensten/
org081,productie-en-lijnwerk,,beide,hoog,https://www.weenerxl.nl/verpakken-en-assemblage/
org081,groenvoorziening-en-onderhoud,,,hoog,https://www.weenerxl.nl/post-en-logistieke-diensten/
org081,schoonmaak,,,hoog,https://www.weenerxl.nl/werk-uitbesteden/
org083,assemblage,,,hoog,https://debinnenbaan.nl/werk-uitbesteden/montage-en-assemblagewerkzaamheden/
org083,montage,,,hoog,https://debinnenbaan.nl/werk-uitbesteden/montage-en-assemblagewerkzaamheden/
org083,verpakken,,,hoog,https://debinnenbaan.nl/werk-uitbesteden/verpak-inpak-en-ompakwerkzaamheden/
org083,co-packing,,,laag,https://debinnenbaan.nl/werk-uitbesteden/vouwwerkzaamheden/
org083,productie-en-lijnwerk,,,laag,https://debinnenbaan.nl/werk-uitbesteden/
org083,groenvoorziening-en-onderhoud,,,hoog,https://debinnenbaan.nl/werk-uitbesteden/groenvoorziening/
org083,openbare-ruimte-en-straatreiniging,,,laag,https://debinnenbaan.nl/werk-uitbesteden/groenvoorziening/
org087,verpakken,,,hoog,https://werkkracht.nl/
org088,assemblage,,,midden,https://www.lucrato.nl/voor-werkgevers/werk-uitbesteden
org088,montage,,,laag,https://www.lucrato.nl/voor-werkgevers/werk-uitbesteden
org088,verpakken,,,laag,https://www.lucrato.nl/voor-werkgevers/werk-uitbesteden
org088,productie-en-lijnwerk,,,laag,https://www.lucrato.nl/voor-werkgevers/werk-uitbesteden
org089,assemblage,,,hoog,https://werkom.nl/voor-bedrijven/uitbesteden/elektro-en-assemblage/
org089,montage,,,hoog,https://werkom.nl/voor-bedrijven/uitbesteden/elektro-en-assemblage/
org089,elektrotechnische-assemblage,,,hoog,https://werkom.nl/voor-bedrijven/uitbesteden/elektro-en-assemblage/
org089,verpakken,,,hoog,https://werkom.nl/voor-bedrijven/uitbesteden/verpakken/
org089,mailing-en-lettershop,,,hoog,https://werkom.nl/voor-bedrijven/uitbesteden/business-post-printing/
org089,magazijn-en-opslag,,,hoog,https://werkom.nl/voor-bedrijven/uitbesteden/magazijn/
org089,orderpicking,,,laag,https://werkom.nl/voor-bedrijven/uitbesteden/magazijn/
org089,transport-en-koeriersdiensten,,,laag,https://werkom.nl/voor-bedrijven/uitbesteden/magazijn/
org089,post-en-pakketbezorging,,,hoog,https://werkom.nl/voor-bedrijven/uitbesteden/business-post-printing/
org089,groenvoorziening-en-onderhoud,,,hoog,https://werkom.nl/voor-bedrijven/uitbesteden/groenonderhoud/
org089,openbare-ruimte-en-straatreiniging,,,hoog,https://werkom.nl/voor-bedrijven/uitbesteden/groenonderhoud/
org089,schoonmaak,,,hoog,https://werkom.nl/
org089,glazenwassen,,,laag,https://werkom.nl/voor-bedrijven/uitbesteden/schoonmaak/
org089,postkamer-en-documentstromen,,,laag,https://werkom.nl/voor-bedrijven/uitbesteden/business-post-printing/
org089,beveiliging-en-toezicht,,,hoog,https://werkom.nl/voor-bedrijven/uitbesteden/fietsenstallingen/
org089,catering,,,hoog,https://werkom.nl/nieuwe-dienstverlening-van-werkom-vergaderruimtes-inclusief-catering/
org089,drukwerk-en-print,,,hoog,https://werkom.nl/voor-bedrijven/uitbesteden/business-post-printing/
org090,naaiatelier-en-confectie,,,midden,https://www.wpda.nl/
org091,assemblage,,,midden,https://www.werksaamwf.nl/werkgevers/diensten/verpakken
org091,montage,,,midden,https://www.werksaamwf.nl/werkgevers/diensten/verpakken
org091,verpakken,,,hoog,https://www.werksaamwf.nl/
org091,co-packing,,,hoog,https://www.werksaamwf.nl/werkgevers/verpakken-non-food
org091,orderpicking,,,hoog,https://www.werksaamwf.nl/werkgevers/diensten/verpakken
org091,post-en-pakketbezorging,,,hoog,https://www.werksaamwf.nl/werkgevers/diensten/repro-post
org091,productie-en-lijnwerk,,,midden,https://www.werksaamwf.nl/werkgevers/diensten/verpakken
org091,groenvoorziening-en-onderhoud,,,hoog,https://www.werksaamwf.nl/
org091,openbare-ruimte-en-straatreiniging,,,handmatig,https://www.werksaamwf.nl/werkgevers/diensten/groen
org091,schoonmaak,,,hoog,https://www.werksaamwf.nl/
org091,glazenwassen,,,hoog,https://www.werksaamwf.nl/werkgevers/diensten/schoonmaak
org091,industriele-en-specialistische-reiniging,,,midden,https://www.werksaamwf.nl/werkgevers/diensten/groen
org091,naaiatelier-en-confectie,,,hoog,https://www.werksaamwf.nl/
org091,scannen-en-archiveren,,,hoog,https://www.werksaamwf.nl/werkgevers/diensten/repro-post
org091,drukwerk-en-print,,,midden,https://www.werksaamwf.nl/werkgevers/diensten/repro-post
org092,assemblage,,,hoog,https://www.werkse.nl/diensten/assemblage/
org092,montage,,,hoog,https://www.werkse.nl/diensten/assemblage/
org092,elektrotechnische-assemblage,,,hoog,https://www.werkse.nl/diensten/assemblage/
org092,fulfilment,,,laag,https://www.werkse.nl/diensten/logistiek/
org092,magazijn-en-opslag,,,hoog,https://www.werkse.nl/diensten/logistiek/
org092,transport-en-koeriersdiensten,,,hoog,https://www.werkse.nl/diensten/post-print/
org092,post-en-pakketbezorging,,,midden,https://www.werkse.nl/diensten/post-print/
org092,groenvoorziening-en-onderhoud,,,hoog,https://www.werkse.nl/diensten/groen-omgeving/
org092,schoonmaak,,,hoog,https://www.werkse.nl/
org092,glazenwassen,,,laag,https://www.werkse.nl/diensten/schoonmaak/
org092,industriele-en-specialistische-reiniging,,,laag,https://www.werkse.nl/diensten/schoonmaak/
org092,receptie-en-gastvrijheid,,,hoog,https://www.werkse.nl/diensten/toezicht-beveiliging/
org092,postkamer-en-documentstromen,,,laag,https://www.werkse.nl/diensten/post-print/
org092,beveiliging-en-toezicht,,,hoog,https://www.werkse.nl/diensten/toezicht-beveiliging/
org092,catering,,,hoog,https://www.werkse.nl/
org092,bedrijfsrestaurant-en-horeca,,,hoog,https://www.werkse.nl/diensten/catering/
org092,wasserij-en-linnenservice,,,handmatig,https://www.werkse.nl/
org092,scannen-en-archiveren,,,hoog,https://www.werkse.nl/
org093,assemblage,,,hoog,https://www.werkzaakrivierenland.nl/in-goede-handen
org093,montage,,,hoog,https://www.werkzaakrivierenland.nl/
org093,elektrotechnische-assemblage,,,laag,https://www.werkzaakrivierenland.nl/in-goede-handen
org093,verpakken,,,hoog,https://www.werkzaakrivierenland.nl/in-goede-handen
org093,co-packing,,,midden,https://www.werkzaakrivierenland.nl/in-goede-handen
org093,productie-en-lijnwerk,,,hoog,https://www.werkzaakrivierenland.nl/
org093,kringloop-en-hergebruik,,,midden,https://www.werkzaakrivierenland.nl/in-goede-handen
org094,assemblage,,,hoog,https://www.wsd-groep.nl/voor-werkgevers
org094,montage,,,hoog,https://www.wsd-groep.nl/productie
org094,elektrotechnische-assemblage,,,laag,https://www.wsd-groep.nl/voor-werkgevers
org094,verpakken,,,hoog,https://www.wsd-groep.nl/voor-werkgevers
org094,magazijn-en-opslag,,,hoog,https://www.wsd-groep.nl/ik-wil-werk-uitbesteden
org094,orderpicking,,,hoog,https://www.wsd-groep.nl/ik-wil-werk-uitbesteden
org094,post-en-pakketbezorging,,,laag,https://www.wsd-groep.nl/
org094,productie-en-lijnwerk,,,hoog,https://www.wsd-groep.nl/ik-wil-werk-uitbesteden
org094,groenvoorziening-en-onderhoud,,,laag,https://www.wsd-groep.nl/
org094,beveiliging-en-toezicht,,,hoog,https://www.wsd-groep.nl/contact
org094,catering,,,midden,https://www.wsd-groep.nl/
org096,assemblage,,,hoog,https://www.wvs.nl/diensten/logistiek-productie/
org096,montage,,,midden,https://www.wvs.nl/diensten/logistiek-productie/
org096,elektrotechnische-assemblage,,,midden,https://www.wvs.nl/diensten/logistiek-productie/
org096,verpakken,,,hoog,https://www.wvs.nl/diensten/logistiek-productie/
org096,co-packing,,,hoog,https://www.wvs.nl/diensten/logistiek-productie/
org096,fulfilment,,,hoog,https://www.wvs.nl/diensten/post-pakket/
org096,transport-en-koeriersdiensten,,,hoog,https://www.wvs.nl/diensten/post-pakket/
org096,post-en-pakketbezorging,,,hoog,https://www.wvs.nl/diensten/
org096,productie-en-lijnwerk,,,laag,https://www.wvs.nl/diensten/
org096,groenvoorziening-en-onderhoud,,,hoog,https://www.wvs.nl/diensten/
org096,openbare-ruimte-en-straatreiniging,,,hoog,https://www.wvs.nl/diensten/
org096,schoonmaak,,,hoog,https://www.wvs.nl/
org096,glazenwassen,,,hoog,https://www.wvs.nl/diensten/schoonmaak/
org096,naaiatelier-en-confectie,,,midden,https://www.wvs.nl/diensten/logistiek-productie/
org096,drukwerk-en-print,,,hoog,https://www.wvs.nl/diensten/logistiek-productie/
org097,assemblage,,,hoog,https://www.zaffier.nl/werkgevers/werk-uitbesteden/specialisatie-montage-en-assemblagewerk/
org097,montage,,,hoog,https://www.zaffier.nl/werkgevers/werk-uitbesteden/specialisatie-montage-en-assemblagewerk/
org097,verpakken,,,hoog,https://www.zaffier.nl/werkgevers/werk-uitbesteden/specialisatie-montage-en-assemblagewerk/
org097,co-packing,,,hoog,https://www.zaffier.nl/werkgevers/werk-uitbesteden/specialisatie-montage-en-assemblagewerk/
org097,mailing-en-lettershop,,,hoog,https://www.zaffier.nl/werkgevers/werk-uitbesteden/specialisaties-verpakken-inpakken-en-ompakken/
org097,magazijn-en-opslag,,,hoog,https://www.zaffier.nl/werkgevers/werk-uitbesteden/
org097,post-en-pakketbezorging,,,hoog,https://www.zaffier.nl/werkgevers/werkproces-uitbesteden/
org097,productie-en-lijnwerk,,,hoog,https://www.zaffier.nl/
org097,schoonmaak,,,hoog,https://www.zaffier.nl/werkgevers/werk-uitbesteden/
org097,receptie-en-gastvrijheid,,,hoog,https://www.zaffier.nl/werkgevers/werkproces-uitbesteden/
org097,postkamer-en-documentstromen,,,laag,https://www.zaffier.nl/werkgevers/werkproces-uitbesteden/
org097,facilitaire-dienstverlening,,,hoog,https://www.zaffier.nl/werkgevers/personeel-vinden/
org097,beveiliging-en-toezicht,,,hoog,https://www.zaffier.nl/werkgevers/personeel-vinden/
org097,klein-onderhoud-en-klusdiensten,,,laag,https://www.zaffier.nl/werkgevers/personeel-vinden/specialisaties-huismeester-concierge/
org097,catering,,,hoog,https://www.zaffier.nl/werkgevers/werkproces-uitbesteden/
org097,bedrijfsrestaurant-en-horeca,,,hoog,https://www.zaffier.nl/werkgevers/werkproces-uitbesteden/
